query_name,query_cid,query_smiles,query_journal,rank,ref_cid,ref_smiles,ref_status,distance
benzoguanamine,7064,C1=CC=C(C=C1)C2=NC(=NC(=N2)N)N,NATURE ENERGY,1,7064,C1=CC=C(C=C1)C2=NC(=NC(=N2)N)N,Success,0.000000
benzoguanamine,7064,C1=CC=C(C=C1)C2=NC(=NC(=N2)N)N,NATURE ENERGY,2,164728709,C1=CC(=CC=C1/C=C/C2=CC=C(C=C2)C3=NC(=NC(=N3)N)N)C4=NC(=NC(=N4)N)N,Success,0.000991
benzoguanamine,7064,C1=CC=C(C=C1)C2=NC(=NC(=N2)N)N,NATURE ENERGY,3,21820783,C1=CC=C(C=C1)C(C2=NC(=NC(=N2)N)N)O,Success,0.001063
benzoguanamine,7064,C1=CC=C(C=C1)C2=NC(=NC(=N2)N)N,NATURE ENERGY,4,164728715,C1=CC(=CC=C1C=NC2=CC=C(C=C2)C3=NC(=NC(=N3)N)N)C4=NC(=NC(=N4)N)N,Success,0.001116
benzoguanamine,7064,C1=CC=C(C=C1)C2=NC(=NC(=N2)N)N,NATURE ENERGY,5,121376753,C1=CC=C(C=C1)N(C2=CC=CC=C2)C3=NC(=NC(=N3)N)C4=NC(=NC(=N4)N)N,Success,0.001133
benzoguanamine,7064,C1=CC=C(C=C1)C2=NC(=NC(=N2)N)N,NATURE ENERGY,6,102587529,C1=CC(=CC=C1C2=CC=C(C=C2)C3=NC(=NC(=N3)N)N)C4=NC(=NC(=N4)N)N,Success,0.001176
benzoguanamine,7064,C1=CC=C(C=C1)C2=NC(=NC(=N2)N)N,NATURE ENERGY,7,164728679,C1=CC(=CC=C1C2=NC(=NC(=N2)N)N)N=NC3=CC=C(C=C3)C4=NC(=NC(=N4)N)N,Success,0.001187
benzoguanamine,7064,C1=CC=C(C=C1)C2=NC(=NC(=N2)N)N,NATURE ENERGY,8,112681587,C1=CC(=CN=C1)CC2=NC(=NC(=N2)N)N,Success,0.001212
benzoguanamine,7064,C1=CC=C(C=C1)C2=NC(=NC(=N2)N)N,NATURE ENERGY,9,101806166,C1=CC=C(C=C1)NC2=NC(=NC(=N2)N)C3=NC(=NC(=N3)NC4=CC=CC=C4)N,Success,0.001233
benzoguanamine,7064,C1=CC=C(C=C1)C2=NC(=NC(=N2)N)N,NATURE ENERGY,10,112681342,C1=CN=CC=C1CC2=NC(=NC(=N2)N)N,Success,0.001245
isopropanol,3776,CC(C)O,NATURE ENERGY,1,71309655,CC(C)[17OH],Success,0.000000
isopropanol,3776,CC(C)O,NATURE ENERGY,2,71309146,[13CH3][13CH]([13CH3])O,Success,0.000000
isopropanol,3776,CC(C)O,NATURE ENERGY,3,12213349,CC(C)[18OH],Success,0.000000
isopropanol,3776,CC(C)O,NATURE ENERGY,4,173589278,CC([13CH3])O,Success,0.000000
isopropanol,3776,CC(C)O,NATURE ENERGY,5,159123526,C[15CH](C)O,Success,0.000000
isopropanol,3776,CC(C)O,NATURE ENERGY,6,16213337,C[13CH](C)O,Success,0.000000
isopropanol,3776,CC(C)O,NATURE ENERGY,7,165359415,[14CH3]C([14CH3])O,Success,0.000000
isopropanol,3776,CC(C)O,NATURE ENERGY,8,3776,CC(C)O,Success,0.000000
isopropanol,3776,CC(C)O,NATURE ENERGY,9,71309419,[13CH3]C([13CH3])O,Success,0.000000
isopropanol,3776,CC(C)O,NATURE ENERGY,10,12213351,C[14CH](C)O,Success,0.000000
bis(2-aminoethyl) ether (BAE),75982,C(COCCN)N,NATURE ENERGY,1,75982,C(COCCN)N,Success,0.000000
bis(2-aminoethyl) ether (BAE),75982,C(COCCN)N,NATURE ENERGY,2,15004706,COCC(CN)N,Success,0.000501
bis(2-aminoethyl) ether (BAE),75982,C(COCCN)N,NATURE ENERGY,3,129150510,C(COCCOCC(CN)(CN)CN)N,Success,0.000628
bis(2-aminoethyl) ether (BAE),75982,C(COCCN)N,NATURE ENERGY,4,25198795,C=CCOC(CN)CN,Success,0.000709
bis(2-aminoethyl) ether (BAE),75982,C(COCCN)N,NATURE ENERGY,5,55288579,COC[C@@H](CN)N,Success,0.000715
bis(2-aminoethyl) ether (BAE),75982,C(COCCN)N,NATURE ENERGY,6,164142334,C(COCCNP)N,Success,0.000734
bis(2-aminoethyl) ether (BAE),75982,C(COCCN)N,NATURE ENERGY,7,14809377,C=CCOCC(CN)(CN)CN,Success,0.000745
bis(2-aminoethyl) ether (BAE),75982,C(COCCN)N,NATURE ENERGY,8,163712319,C(COC(CN)CN)N,Success,0.000748
bis(2-aminoethyl) ether (BAE),75982,C(COCCN)N,NATURE ENERGY,9,88219643,C(COCCNC(CN)OCCN)N,Success,0.000769
bis(2-aminoethyl) ether (BAE),75982,C(COCCN)N,NATURE ENERGY,10,70248,C(COCCOCCN)N,Success,0.000783
dimethylphenethylsulfonium iodide (DMPESI),12587531,CS(C)(CCC1=CC=CC=C1)I,NATURE ENERGY,1,12587531,CS(C)(CCC1=CC=CC=C1)I,Success,0.000000
dimethylphenethylsulfonium iodide (DMPESI),12587531,CS(C)(CCC1=CC=CC=C1)I,NATURE ENERGY,2,129675254,CS(C)(CCC1=CC=CC=C1)Br,Success,0.000059
dimethylphenethylsulfonium iodide (DMPESI),12587531,CS(C)(CCC1=CC=CC=C1)I,NATURE ENERGY,3,88201918,CN(CCCC1=CC=CC=C1)Br,Success,0.000647
dimethylphenethylsulfonium iodide (DMPESI),12587531,CS(C)(CCC1=CC=CC=C1)I,NATURE ENERGY,4,116108082,CSCCC(CBr)C1=CC=CC=C1,Success,0.000720
dimethylphenethylsulfonium iodide (DMPESI),12587531,CS(C)(CCC1=CC=CC=C1)I,NATURE ENERGY,5,144878659,CN(CCCCC1=CC=CC=C1)SI,Success,0.000720
dimethylphenethylsulfonium iodide (DMPESI),12587531,CS(C)(CCC1=CC=CC=C1)I,NATURE ENERGY,6,115262460,CC1=CC(=CC=C1)CCN(C)CBr,Success,0.000733
dimethylphenethylsulfonium iodide (DMPESI),12587531,CS(C)(CCC1=CC=CC=C1)I,NATURE ENERGY,7,44814964,CC(CC1=CC=CC=C1)N(C)Br,Success,0.000738
dimethylphenethylsulfonium iodide (DMPESI),12587531,CS(C)(CCC1=CC=CC=C1)I,NATURE ENERGY,8,12240757,C1CCS(C1)(CC2=CC=CC=C2)Br,Success,0.000738
dimethylphenethylsulfonium iodide (DMPESI),12587531,CS(C)(CCC1=CC=CC=C1)I,NATURE ENERGY,9,115262329,CC1=CC=C(C=C1)CCN(C)CBr,Success,0.000743
dimethylphenethylsulfonium iodide (DMPESI),12587531,CS(C)(CCC1=CC=CC=C1)I,NATURE ENERGY,10,145794908,CC(CS(C)(C)I)C1=CC=CC=C1,Success,0.000754
3-(aminomethyl)pyridine (3-APy),31018,C1=CC(=CN=C1)CN,NATURE,1,175815456,C1=CC(=CN=C1)C[15NH2],Success,0.000000
3-(aminomethyl)pyridine (3-APy),31018,C1=CC(=CN=C1)CN,NATURE,2,31018,C1=CC(=CN=C1)CN,Success,0.000000
3-(aminomethyl)pyridine (3-APy),31018,C1=CC(=CN=C1)CN,NATURE,3,77317,C1=CN=CC=C1CN,Success,0.000860
3-(aminomethyl)pyridine (3-APy),31018,C1=CC(=CN=C1)CN,NATURE,4,66409066,C1=CC(=CN=C1)CN2C=CC(=C2)CN,Success,0.000873
3-(aminomethyl)pyridine (3-APy),31018,C1=CC(=CN=C1)CN,NATURE,5,54006116,C1=CN=CC=C1C=CCN,Success,0.000910
3-(aminomethyl)pyridine (3-APy),31018,C1=CC(=CN=C1)CN,NATURE,6,54457536,C1=CC(=CN=C1)C=CCN,Success,0.000980
3-(aminomethyl)pyridine (3-APy),31018,C1=CC(=CN=C1)CN,NATURE,7,66407760,C1=CN=CC=C1CN2C=CC(=C2)CN,Success,0.000982
3-(aminomethyl)pyridine (3-APy),31018,C1=CC(=CN=C1)CN,NATURE,8,144767456,C1=CN=CC=C1CNP,Success,0.001048
3-(aminomethyl)pyridine (3-APy),31018,C1=CC(=CN=C1)CN,NATURE,9,116939386,CNC(C1=CN=CC=C1)N,Success,0.001069
3-(aminomethyl)pyridine (3-APy),31018,C1=CC(=CN=C1)CN,NATURE,10,116939387,CNC(C1=CC=NC=C1)N,Success,0.001072
carbazole,6854,C1=CC=C2C(=C1)C3=CC=CC=C3N2,NATURE,1,175992430,C1=CC=C2C(=C1)C3=CC=C[13CH]=C3N2,Success,0.000000
carbazole,6854,C1=CC=C2C(=C1)C3=CC=CC=C3N2,NATURE,2,6854,C1=CC=C2C(=C1)C3=CC=CC=C3N2,Success,0.000000
carbazole,6854,C1=CC=C2C(=C1)C3=CC=CC=C3N2,NATURE,3,11019255,C1=CC=C2C(=C1)C3=CC=CC=C3[15NH]2,Success,0.000000
carbazole,6854,C1=CC=C2C(=C1)C3=CC=CC=C3N2,NATURE,4,68719180,C1=CC=C2C(=C1)C=C3C=CC=C3N2,Success,0.000541
carbazole,6854,C1=CC=C2C(=C1)C3=CC=CC=C3N2,NATURE,5,15831592,C1=CC=C2C(=C1)C=C(N2)C3=CC=CC=C3C4=CC5=CC=CC=C5N4,Success,0.000602
carbazole,6854,C1=CC=C2C(=C1)C3=CC=CC=C3N2,NATURE,6,12065991,C1=CC=C(C=C1)C2=C(C3=CC=CC=C3N2)C4=CC5=C(C=C4)NC=C5,Success,0.000606
carbazole,6854,C1=CC=C2C(=C1)C3=CC=CC=C3N2,NATURE,7,150496572,C1=CC=C(C=C1)C(=CC2=CC3=CC=CC=C3N2)C4=CC5=CC=CC=C5N4,Success,0.000622
carbazole,6854,C1=CC=C2C(=C1)C3=CC=CC=C3N2,NATURE,8,2831517,C1=CC=C(C=C1)C2=CC3=C(N2)C4=CC=CC=C4C=C3,Success,0.000637
carbazole,6854,C1=CC=C2C(=C1)C3=CC=CC=C3N2,NATURE,9,13227213,C1=CC=C(C=C1)C2=C(C3=CC=CC=C3N2)C4=CC5=CC=CC=C5N4,Success,0.000665
carbazole,6854,C1=CC=C2C(=C1)C3=CC=CC=C3N2,NATURE,10,19690652,C1=CC=C2C(=C1)C=C(N2)C3=CC(=CC=C3)C4=CC5=CC=CC=C5N4,Success,0.000678
triphenylamine,11775,C1=CC=C(C=C1)N(C2=CC=CC=C2)C3=CC=CC=C3,NATURE,1,11775,C1=CC=C(C=C1)N(C2=CC=CC=C2)C3=CC=CC=C3,Success,0.000000
triphenylamine,11775,C1=CC=C(C=C1)N(C2=CC=CC=C2)C3=CC=CC=C3,NATURE,2,15865008,C1=CC=C(C=C1)N(C2=CC=CC=C2)PN(C3=CC=CC=C3)C4=CC=CC=C4,Success,0.000443
triphenylamine,11775,C1=CC=C(C=C1)N(C2=CC=CC=C2)C3=CC=CC=C3,NATURE,3,89100,C1=CC=C(C=C1)N(CN(C2=CC=CC=C2)C3=CC=CC=C3)C4=CC=CC=C4,Success,0.000490
triphenylamine,11775,C1=CC=C(C=C1)N(C2=CC=CC=C2)C3=CC=CC=C3,NATURE,4,53972751,C1=CC=C(C=C1)N(C2=CC=CC=C2)PC3=CC=CC=C3,Success,0.000500
triphenylamine,11775,C1=CC=C(C=C1)N(C2=CC=CC=C2)C3=CC=CC=C3,NATURE,5,9998755,C1=CC=C(C=C1)N(/C=C/N(C2=CC=CC=C2)C3=CC=CC=C3)C4=CC=CC=C4,Success,0.000584
triphenylamine,11775,C1=CC=C(C=C1)N(C2=CC=CC=C2)C3=CC=CC=C3,NATURE,6,141417659,C1=CC=C(C=C1)N(C2=CC=CC=C2)C3=CC=CC=C3N4C=CC=C4,Success,0.000622
triphenylamine,11775,C1=CC=C(C=C1)N(C2=CC=CC=C2)C3=CC=CC=C3,NATURE,7,59757685,C1=CC=C(C=C1)C2=CC(=CC=C2)N(C3=CC=CC=C3)C4=CC=CC=C4,Success,0.000648
triphenylamine,11775,C1=CC=C(C=C1)N(C2=CC=CC=C2)C3=CC=CC=C3,NATURE,8,139840306,C1=CC=C(C=C1)N2C=CC=C2N(C3=CC=CC=C3)C4=CC=CC=C4,Success,0.000654
triphenylamine,11775,C1=CC=C(C=C1)N(C2=CC=CC=C2)C3=CC=CC=C3,NATURE,9,9901683,C1=CC=C(C=C1)C2=CC=C(C=C2)N(C3=CC=CC=C3)C4=CC=CC=C4,Success,0.000655
triphenylamine,11775,C1=CC=C(C=C1)N(C2=CC=CC=C2)C3=CC=CC=C3,NATURE,10,67459143,C1=CC=C(C=C1)N(C2=CC=CC=C2)P(C3=CC=CC=C3)C4=CC=CC=C4,Success,0.000672
theophylline,2153,CN1C2=C(C(=O)N(C1=O)C)NC=N2,SCIENCE,1,12203054,C[15N]1C2=C(C(=O)[15N]([13C]1=O)C)NC=N2,Success,0.000000
theophylline,2153,CN1C2=C(C(=O)N(C1=O)C)NC=N2,SCIENCE,2,2153,CN1C2=C(C(=O)N(C1=O)C)NC=N2,Success,0.000000
theophylline,2153,CN1C2=C(C(=O)N(C1=O)C)NC=N2,SCIENCE,3,10241435,[13CH3]N1C2=C(C(=O)N(C1=O)[13CH3])NC=N2,Success,0.000000
theophylline,2153,CN1C2=C(C(=O)N(C1=O)C)NC=N2,SCIENCE,4,12203055,CN1C2=C(C(=O)N(C1=O)C)N[14CH]=N2,Success,0.000000
theophylline,2153,CN1C2=C(C(=O)N(C1=O)C)NC=N2,SCIENCE,5,71752505,C[15N]1C2=C(C(=O)[15N](C1=O)C)N[13CH]=N2,Success,0.000000
theophylline,2153,CN1C2=C(C(=O)N(C1=O)C)NC=N2,SCIENCE,6,4687,CN1C=NC2=C1C(=O)N(C(=O)N2)C,Success,0.000263
theophylline,2153,CN1C2=C(C(=O)N(C1=O)C)NC=N2,SCIENCE,7,131953130,C[15N]1C=[15N][13C]2=[13C]1[13C](=O)[15N]([13C](=O)N2)C,Success,0.000263
theophylline,2153,CN1C2=C(C(=O)N(C1=O)C)NC=N2,SCIENCE,8,53442228,CN1C=[15N][13C]2=[13C]1[13C](=O)[15N]([13C](=O)[15NH]2)C,Success,0.000263
theophylline,2153,CN1C2=C(C(=O)N(C1=O)C)NC=N2,SCIENCE,9,10419811,[13CH3]N1C=NC2=C1C(=O)N(C(=O)N2)[13CH3],Success,0.000263
theophylline,2153,CN1C2=C(C(=O)N(C1=O)C)NC=N2,SCIENCE,10,130005146,CN1C=NC2=C(C1=O)NC(=O)N2C,Success,0.000356
caffeine,2519,CN1C=NC2=C1C(=O)N(C(=O)N2C)C,SCIENCE,1,11820004,CN1C=NC2=C1C(=O)[15N](C(=O)[15N]2C)C,Success,0.000000
caffeine,2519,CN1C=NC2=C1C(=O)N(C(=O)N2C)C,SCIENCE,2,64136,CN1C=NC2=C1C(=O)N(C(=O)N2C)[14CH3],Success,0.000000
caffeine,2519,CN1C=NC2=C1C(=O)N(C(=O)N2C)C,SCIENCE,3,131953137,CN1C(=O)C2=C(N=C[15N]2C)[15N](C1=O)C,Success,0.000000
caffeine,2519,CN1C=NC2=C1C(=O)N(C(=O)N2C)C,SCIENCE,4,131953138,CN1C(=O)C2=C(N=C[15N]2C)[15N]([13C]1=O)C,Success,0.000000
caffeine,2519,CN1C=NC2=C1C(=O)N(C(=O)N2C)C,SCIENCE,5,153694061,CN1C=NC2=C1C(=O)N(C(=O)N2C)[13CH3],Success,0.000000
caffeine,2519,CN1C=NC2=C1C(=O)N(C(=O)N2C)C,SCIENCE,6,13001297,CN1[14CH]=NC2=C1C(=O)N(C(=O)N2C)C,Success,0.000000
caffeine,2519,CN1C=NC2=C1C(=O)N(C(=O)N2C)C,SCIENCE,7,451131,CN1C2=C(C(=O)N(C1=O)C)N(C=N2)[11CH3],Success,0.000000
caffeine,2519,CN1C=NC2=C1C(=O)N(C(=O)N2C)C,SCIENCE,8,153694012,CN1C=NC2=C1C(=O)N([13C](=O)N2[13CH3])[13CH3],Success,0.000000
caffeine,2519,CN1C=NC2=C1C(=O)N(C(=O)N2C)C,SCIENCE,9,13001305,CN1C=NC2=C1C(=O)[15N]([13C](=O)[15N]2C)C,Success,0.000000
caffeine,2519,CN1C=NC2=C1C(=O)N(C(=O)N2C)C,SCIENCE,10,101116218,CN1C=NC2=C1C(=O)N(C(=O)N2[14CH3])C,Success,0.000000
theobromine,5429,CN1C=NC2=C1C(=O)NC(=O)N2C,SCIENCE,1,5429,CN1C=NC2=C1C(=O)NC(=O)N2C,Success,0.000000
theobromine,5429,CN1C=NC2=C1C(=O)NC(=O)N2C,SCIENCE,2,9989875,[13CH3]N1C=NC2=C1C(=O)NC(=O)N2[13CH3],Success,0.000000
theobromine,5429,CN1C=NC2=C1C(=O)NC(=O)N2C,SCIENCE,3,53442230,C[15N]1C=[15N][13C]2=[13C]1[13C](=O)N[13C](=O)[15N]2C,Success,0.000000
theobromine,5429,CN1C=NC2=C1C(=O)NC(=O)N2C,SCIENCE,4,130006090,CN1C=NC2=C(C1=O)N(C(=O)N2)C,Success,0.000206
theobromine,5429,CN1C=NC2=C1C(=O)NC(=O)N2C,SCIENCE,5,130005146,CN1C=NC2=C(C1=O)NC(=O)N2C,Success,0.000232
theobromine,5429,CN1C=NC2=C1C(=O)NC(=O)N2C,SCIENCE,6,53442228,CN1C=[15N][13C]2=[13C]1[13C](=O)[15N]([13C](=O)[15NH]2)C,Success,0.000273
theobromine,5429,CN1C=NC2=C1C(=O)NC(=O)N2C,SCIENCE,7,10419811,[13CH3]N1C=NC2=C1C(=O)N(C(=O)N2)[13CH3],Success,0.000273
theobromine,5429,CN1C=NC2=C1C(=O)NC(=O)N2C,SCIENCE,8,131953130,C[15N]1C=[15N][13C]2=[13C]1[13C](=O)[15N]([13C](=O)N2)C,Success,0.000273
theobromine,5429,CN1C=NC2=C1C(=O)NC(=O)N2C,SCIENCE,9,4687,CN1C=NC2=C1C(=O)N(C(=O)N2)C,Success,0.000273
theobromine,5429,CN1C=NC2=C1C(=O)NC(=O)N2C,SCIENCE,10,137267013,CN1C2=C(N=CNC2=O)N(C1=O)C,Success,0.000366
oleylamine,5356789,CCCCCCCC/C=C\CCCCCCCCN,SCIENCE,1,5356789,CCCCCCCC/C=C\CCCCCCCCN,Success,0.000000
oleylamine,5356789,CCCCCCCC/C=C\CCCCCCCCN,SCIENCE,2,14479696,CCCCCCCCC/C=C\CCCCCCCN,Success,0.000000
oleylamine,5356789,CCCCCCCC/C=C\CCCCCCCCN,SCIENCE,3,88519174,CCCCCC/C=C\CCCCCCCCCCN,Success,0.000000
oleylamine,5356789,CCCCCCCC/C=C\CCCCCCCCN,SCIENCE,4,14454801,CCCCCCCCCCC/C=C\CCCCCN,Success,0.000000
oleylamine,5356789,CCCCCCCC/C=C\CCCCCCCCN,SCIENCE,5,20088910,CCCCCC/C=C/CCCCCCCCCCN,Success,0.000076
oleylamine,5356789,CCCCCCCC/C=C\CCCCCCCCN,SCIENCE,6,20038081,CCCCCCC/C=C/CCCCCCCCCN,Success,0.000076
oleylamine,5356789,CCCCCCCC/C=C\CCCCCCCCN,SCIENCE,7,6258392,CCCCCCCC/C=C/CCCCCCCCN,Success,0.000076
oleylamine,5356789,CCCCCCCC/C=C\CCCCCCCCN,SCIENCE,8,14454800,CCCCCCCCCCC/C=C/CCCCCN,Success,0.000076
oleylamine,5356789,CCCCCCCC/C=C\CCCCCCCCN,SCIENCE,9,21508506,CCCCCCCCCCCCC/C=C/CCCN,Success,0.000076
oleylamine,5356789,CCCCCCCC/C=C\CCCCCCCCN,SCIENCE,10,118696052,CCCCCCCCCCCCCC/C=C/CCN,Success,0.000081
methanediamine,75408,C(N)N,SCIENCE,1,75408,C(N)N,Success,0.000000
methanediamine,75408,C(N)N,SCIENCE,2,160896315,C(C(N)N)(C(N)N)N,Success,0.001473
methanediamine,75408,C(N)N,SCIENCE,3,14324882,C(N)NCN,Success,0.001478
methanediamine,75408,C(N)N,SCIENCE,4,88813827,C(C(N)N)(C(N)N)C(N)N,Success,0.001564
methanediamine,75408,C(N)N,SCIENCE,5,19357261,C(C(N)N)OCC(N)N,Success,0.001633
methanediamine,75408,C(N)N,SCIENCE,6,87415418,C(C(C(N)N)C(N)N)(C(N)N)C(N)N,Success,0.001808
methanediamine,75408,C(N)N,SCIENCE,7,21885481,C(N)N(CN)CN,Success,0.001820
methanediamine,75408,C(N)N,SCIENCE,8,173547738,C(N)NC(N)N,Success,0.001897
methanediamine,75408,C(N)N,SCIENCE,9,88802470,C(C(N)N)C(C(N)N)(C(N)N)C(N)N,Success,0.001922
methanediamine,75408,C(N)N,SCIENCE,10,21051766,C(N)NP,Success,0.001968
2-Pyy,75919,C1=CC=NC(=C1)CCN,SCIENCE,1,75919,C1=CC=NC(=C1)CCN,Success,0.000000
2-Pyy,75919,C1=CC=NC(=C1)CCN,SCIENCE,2,129662444,C1=CC=NC(=C1)CC(CCN)(CC2=CC=CC=N2)N,Success,0.000531
2-Pyy,75919,C1=CC=NC(=C1)CCN,SCIENCE,3,139752208,C1=CC=NC(=C1)CC(CC2=CC=CC=N2)(CNCCN)N,Success,0.000730
2-Pyy,75919,C1=CC=NC(=C1)CCN,SCIENCE,4,65573761,C=CC(CC1=CC=CC=N1)N,Success,0.000776
2-Pyy,75919,C1=CC=NC(=C1)CCN,SCIENCE,5,122628406,C1=CC=NC(=C1)CC(C2=CC=CC=N2)NCC(CN)CN,Success,0.000789
2-Pyy,75919,C1=CC=NC(=C1)CCN,SCIENCE,6,69957817,CC(CC1=CC=CC=N1)(N)N,Success,0.000818
2-Pyy,75919,C1=CC=NC(=C1)CCN,SCIENCE,7,541877,CC(C1=CC=CC=N1)N,Success,0.000822
2-Pyy,75919,C1=CC=NC(=C1)CCN,SCIENCE,8,66589316,C1=CC=NC(=C1)CC(C2=CC=CC=N2)NCCN,Success,0.000839
2-Pyy,75919,C1=CC=NC(=C1)CCN,SCIENCE,9,96234454,C1=CC=NC(=C1)CN(CCN)CC2=CN=CC=C2,Success,0.000840
2-Pyy,75919,C1=CC=NC(=C1)CCN,SCIENCE,10,153947339,C1=CC=NC(=C1)CC(CN)NCC2=CC=CC=N2,Success,0.000845
2-(methylthio) ethylamine hydrochloride (METEAM),87697,CSCCN,NATURE PHOTONICS,1,87697,CSCCN,Success,0.000000
2-(methylthio) ethylamine hydrochloride (METEAM),87697,CSCCN,NATURE PHOTONICS,2,5247493,C(CSCCN)CSCCN,Success,0.000606
2-(methylthio) ethylamine hydrochloride (METEAM),87697,CSCCN,NATURE PHOTONICS,3,193295,C(CN)CSSCCCN,Success,0.000693
2-(methylthio) ethylamine hydrochloride (METEAM),87697,CSCCN,NATURE PHOTONICS,4,19366756,CSCCC(CS)N,Success,0.000753
2-(methylthio) ethylamine hydrochloride (METEAM),87697,CSCCN,NATURE PHOTONICS,5,22885599,CSCC[C@@H](CS)N,Success,0.000753
2-(methylthio) ethylamine hydrochloride (METEAM),87697,CSCCN,NATURE PHOTONICS,6,22885598,CSCC[C@H](CS)N,Success,0.000767
2-(methylthio) ethylamine hydrochloride (METEAM),87697,CSCCN,NATURE PHOTONICS,7,132064018,CPC(CN)SC,Success,0.000777
2-(methylthio) ethylamine hydrochloride (METEAM),87697,CSCCN,NATURE PHOTONICS,8,10058479,C(CNCCN)CSCCS,Success,0.000799
2-(methylthio) ethylamine hydrochloride (METEAM),87697,CSCCN,NATURE PHOTONICS,9,166913544,CSC(=C)CCN,Success,0.000818
2-(methylthio) ethylamine hydrochloride (METEAM),87697,CSCCN,NATURE PHOTONICS,10,23422698,C(CN)CSC(CC(SCCCN)SCCCN)SCCCN,Success,0.000818
entinostat,4261,C1=CC=C(C(=C1)N)NC(=O)C2=CC=C(C=C2)CNC(=O)OCC3=CN=CC=C3,NATURE PHOTONICS,1,4261,C1=CC=C(C(=C1)N)NC(=O)C2=CC=C(C=C2)CNC(=O)OCC3=CN=CC=C3,Success,0.000000
entinostat,4261,C1=CC=C(C(=C1)N)NC(=O)C2=CC=C(C=C2)CNC(=O)OCC3=CN=CC=C3,NATURE PHOTONICS,2,76309968,C1=CC=C(C(=C1)N)NC(=O)C2=CC=C(C=C2)CN[11C](=O)OCC3=CN=CC=C3,Success,0.000000
entinostat,4261,C1=CC=C(C(=C1)N)NC(=O)C2=CC=C(C=C2)CNC(=O)OCC3=CN=CC=C3,NATURE PHOTONICS,3,22668056,C1=CC=C(C(=C1)N)NC(=O)C2=CC=C(C=C2)CNC(=O)OCC3=CC=NC=C3,Success,0.000110
entinostat,4261,C1=CC=C(C(=C1)N)NC(=O)C2=CC=C(C=C2)CNC(=O)OCC3=CN=CC=C3,NATURE PHOTONICS,4,156780818,C1=CC=C(C(=C1)C(=O)NC2=CC=C(C=C2)CNC(=O)OCC3=CN=CC=C3)N,Success,0.000139
entinostat,4261,C1=CC=C(C(=C1)N)NC(=O)C2=CC=C(C=C2)CNC(=O)OCC3=CN=CC=C3,NATURE PHOTONICS,5,9885988,C1=CC=C(C(=C1)N)NC(=O)C2=CC=C(C=C2)COC(=O)NCC3=CN=CC=C3,Success,0.000202
entinostat,4261,C1=CC=C(C(=C1)N)NC(=O)C2=CC=C(C=C2)CNC(=O)OCC3=CN=CC=C3,NATURE PHOTONICS,6,10785752,C1=CC(=CC(=C1)NC(=O)C2=CC=C(C=C2)CNC(=O)OCC3=CN=CC=C3)N,Success,0.000287
entinostat,4261,C1=CC=C(C(=C1)N)NC(=O)C2=CC=C(C=C2)CNC(=O)OCC3=CN=CC=C3,NATURE PHOTONICS,7,22668180,C1=CC=C(C(=C1)N)NC(=O)C2=CC=C(C=C2)NC(=O)OCCC3=CN=CC=C3,Success,0.000311
entinostat,4261,C1=CC=C(C(=C1)N)NC(=O)C2=CC=C(C=C2)CNC(=O)OCC3=CN=CC=C3,NATURE PHOTONICS,8,10643236,C1=CC(=CN=C1)COC(=O)NCC2=CC=C(C=C2)C(=O)NC3=CC=C(C=C3)N,Success,0.000331
entinostat,4261,C1=CC=C(C(=C1)N)NC(=O)C2=CC=C(C=C2)CNC(=O)OCC3=CN=CC=C3,NATURE PHOTONICS,9,44595540,C1=CC=C(C=C1)COC(=O)NCC2=CC=C(C=C2)C(=O)NC3=C(C=NC=C3)N,Success,0.000383
entinostat,4261,C1=CC=C(C(=C1)N)NC(=O)C2=CC=C(C=C2)CNC(=O)OCC3=CN=CC=C3,NATURE PHOTONICS,10,22668203,C1=CC=C(C(=C1)N)NC(=O)C2=CC=C(C=C2)CNC(=O)OCC3=CC=CC=N3,Success,0.000413
lysine,5962,C(CCN)C[C@@H](C(=O)O)N,NATURE COMMUNICATIONS,1,71310243,[13CH2]([13CH2][13CH2][15NH2])[13CH2][13C@@H]([13C](=O)O)[15NH2],Success,0.000000
lysine,5962,C(CCN)C[C@@H](C(=O)O)N,NATURE COMMUNICATIONS,2,175887332,C(CC[14NH2])C[C@@H](C(=O)O)[14NH2],Success,0.000000
lysine,5962,C(CCN)C[C@@H](C(=O)O)N,NATURE COMMUNICATIONS,3,16217578,C(CC[15NH2])C[C@@H](C(=O)O)[15NH2],Success,0.000000
lysine,5962,C(CCN)C[C@@H](C(=O)O)N,NATURE COMMUNICATIONS,4,12205371,[13CH2]([13CH2][13CH2]N)[13CH2][13C@@H]([13C](=O)O)N,Success,0.000000
lysine,5962,C(CCN)C[C@@H](C(=O)O)N,NATURE COMMUNICATIONS,5,53989584,C(CCN)C[C@@H]([14C](=O)O)N,Success,0.000000
lysine,5962,C(CCN)C[C@@H](C(=O)O)N,NATURE COMMUNICATIONS,6,12205365,C(C[C@@H](C(=O)O)N)[13CH2]CN,Success,0.000000
lysine,5962,C(CCN)C[C@@H](C(=O)O)N,NATURE COMMUNICATIONS,7,450558,C(C[11CH2]N)C[C@@H](C(=O)O)N,Success,0.000000
lysine,5962,C(CCN)C[C@@H](C(=O)O)N,NATURE COMMUNICATIONS,8,90862357,C(CCN)C[13C@@H]([12C](=O)O)N,Success,0.000000
lysine,5962,C(CCN)C[C@@H](C(=O)O)N,NATURE COMMUNICATIONS,9,16217576,C(CCN)C[C@@H](C(=O)O)[15NH2],Success,0.000000
lysine,5962,C(CCN)C[C@@H](C(=O)O)N,NATURE COMMUNICATIONS,10,12205363,C(C[13CH2][15NH2])C[C@@H](C(=O)O)N,Success,0.000000
2-chloro-5-(trifluoromethyl)isonicotinic acid (PyCA-3F),11264608,C1=C(C(=CN=C1Cl)C(F)(F)F)C(=O)O,NATURE COMMUNICATIONS,1,11264608,C1=C(C(=CN=C1Cl)C(F)(F)F)C(=O)O,Success,0.000000
2-chloro-5-(trifluoromethyl)isonicotinic acid (PyCA-3F),11264608,C1=C(C(=CN=C1Cl)C(F)(F)F)C(=O)O,NATURE COMMUNICATIONS,2,2783382,C1=C(C(=CN=C1Cl)C(=O)O)C(F)(F)F,Success,0.000179
2-chloro-5-(trifluoromethyl)isonicotinic acid (PyCA-3F),11264608,C1=C(C(=CN=C1Cl)C(F)(F)F)C(=O)O,NATURE COMMUNICATIONS,3,51000262,C1=C(C=NC(=C1C(F)(F)F)Cl)C(=O)O,Success,0.000283
2-chloro-5-(trifluoromethyl)isonicotinic acid (PyCA-3F),11264608,C1=C(C(=CN=C1Cl)C(F)(F)F)C(=O)O,NATURE COMMUNICATIONS,4,12140227,C1=C(C=NC(=C1C(=O)O)Cl)C(F)(F)F,Success,0.000336
2-chloro-5-(trifluoromethyl)isonicotinic acid (PyCA-3F),11264608,C1=C(C(=CN=C1Cl)C(F)(F)F)C(=O)O,NATURE COMMUNICATIONS,5,56973636,C1=CN=C(C(=C1C(=O)O)C(F)(F)F)Cl,Success,0.000597
2-chloro-5-(trifluoromethyl)isonicotinic acid (PyCA-3F),11264608,C1=C(C(=CN=C1Cl)C(F)(F)F)C(=O)O,NATURE COMMUNICATIONS,6,11770138,C1=CN=C(C(=C1C(F)(F)F)C(=O)O)Cl,Success,0.000688
2-chloro-5-(trifluoromethyl)isonicotinic acid (PyCA-3F),11264608,C1=C(C(=CN=C1Cl)C(F)(F)F)C(=O)O,NATURE COMMUNICATIONS,7,11218389,C1=C(C=C(N=C1C(F)(F)F)Cl)C(=O)O,Success,0.000872
2-chloro-5-(trifluoromethyl)isonicotinic acid (PyCA-3F),11264608,C1=C(C(=CN=C1Cl)C(F)(F)F)C(=O)O,NATURE COMMUNICATIONS,8,11436062,C1=CC(=NC(=C1C(=O)O)C(F)(F)F)Cl,Success,0.001022
2-chloro-5-(trifluoromethyl)isonicotinic acid (PyCA-3F),11264608,C1=C(C(=CN=C1Cl)C(F)(F)F)C(=O)O,NATURE COMMUNICATIONS,9,2778210,C1=CC(=NC(=C1C(=O)O)Cl)C(F)(F)F,Success,0.001123
2-chloro-5-(trifluoromethyl)isonicotinic acid (PyCA-3F),11264608,C1=C(C(=CN=C1Cl)C(F)(F)F)C(=O)O,NATURE COMMUNICATIONS,10,21085985,C1=C(C=C(N=C1C(=O)O)Cl)C(F)(F)F,Success,0.001878
2PACz,154704302,C1=CC=C2C(=C1)C3=CC=CC=C3N2CCP(=O)(O)O,NATURE COMMUNICATIONS,1,174223600,CC(N1C2=CC=CC=C2C3=CC=CC=C31)P(=O)(O)O,Success,0.000547
2PACz,154704302,C1=CC=C2C(=C1)C3=CC=CC=C3N2CCP(=O)(O)O,NATURE COMMUNICATIONS,2,66338790,C1=CC=C2C(=C1)C3=CC=CC=C3N2CCC(=O)ONN,Success,0.000774
2PACz,154704302,C1=CC=C2C(=C1)C3=CC=CC=C3N2CCP(=O)(O)O,NATURE COMMUNICATIONS,3,176367366,COC(CP(=O)(O)O)N1C2=CC=CC=C2C3=CC=CC=C31,Success,0.000784
2PACz,154704302,C1=CC=C2C(=C1)C3=CC=CC=C3N2CCP(=O)(O)O,NATURE COMMUNICATIONS,4,176382562,C1=CC=C(C=C1)C2=C3C4=CC=CC=C4N(C3=CC=C2)CCP(=O)(O)O,Success,0.000806
2PACz,154704302,C1=CC=C2C(=C1)C3=CC=CC=C3N2CCP(=O)(O)O,NATURE COMMUNICATIONS,5,54189550,CC1=CN(C2=CC=CC=C12)CP(=O)(O)O,Success,0.000877
2PACz,154704302,C1=CC=C2C(=C1)C3=CC=CC=C3N2CCP(=O)(O)O,NATURE COMMUNICATIONS,6,59172009,C1=CC=C2C(=C1)C3=CC=CC=C3N2CCCP(=O)(O)O,Success,0.000923
2PACz,154704302,C1=CC=C2C(=C1)C3=CC=CC=C3N2CCP(=O)(O)O,NATURE COMMUNICATIONS,7,145997609,CCOC(=O)CC1=C(NC2=CC=CC=C21)C(=NO)C3=CC=CC=C3,Success,0.000941
2PACz,154704302,C1=CC=C2C(=C1)C3=CC=CC=C3N2CCP(=O)(O)O,NATURE COMMUNICATIONS,8,175620065,CN1C=C(C2=C(C=C(C=C21)C3=CC=CC=C3)N=O)CC(C(=O)O)N,Success,0.000955
2PACz,154704302,C1=CC=C2C(=C1)C3=CC=CC=C3N2CCP(=O)(O)O,NATURE COMMUNICATIONS,9,175914525,[2H]C(CP(=O)(O)O)N1C2=CC=CC=C2C3=CC=CC=C31,Success,0.000968
2PACz,154704302,C1=CC=C2C(=C1)C3=CC=CC=C3N2CCP(=O)(O)O,NATURE COMMUNICATIONS,10,57578845,CC1=CC2=C(C=C1)N(C=C2CP(=O)(O)O)C3=CC=CC=C3,Success,0.000987
piperazine,4837,C1CNCCN1,NATURE COMMUNICATIONS,1,49849339,[13CH2]1[13CH2]N[13CH2][13CH2]N1,Success,0.000000
piperazine,4837,C1CNCCN1,NATURE COMMUNICATIONS,2,58734929,[13CH2]1[13CH2][15NH][13CH2][13CH2][15NH]1,Success,0.000000
piperazine,4837,C1CNCCN1,NATURE COMMUNICATIONS,3,20676253,C1CN[13CH2]CN1,Success,0.000000
piperazine,4837,C1CNCCN1,NATURE COMMUNICATIONS,4,9033,C1CN1,Success,0.000000
piperazine,4837,C1CNCCN1,NATURE COMMUNICATIONS,5,4837,C1CNCCN1,Success,0.000000
piperazine,4837,C1CNCCN1,NATURE COMMUNICATIONS,6,22856636,C1CN[14CH2]CN1,Success,0.000000
piperazine,4837,C1CNCCN1,NATURE COMMUNICATIONS,7,173587411,C1[12CH2]N1,Success,0.000000
piperazine,4837,C1CNCCN1,NATURE COMMUNICATIONS,8,14981978,C1CN(CCN1)CCNCCNCCNCCNCCN,Success,0.000224
piperazine,4837,C1CNCCN1,NATURE COMMUNICATIONS,9,14981969,C1CN(CCN1)CCNCCNCCNCCN,Success,0.000262
piperazine,4837,C1CNCCN1,NATURE COMMUNICATIONS,10,140976568,CCNCCNCCNCCNCCNCCNCCNCCNCCNCCN,Success,0.000285
(4-(diphenylamino)phenyl)phosphonic acid,85616715,C1=CC=C(C=C1)N(C2=CC=CC=C2)C3=CC=C(C=C3)P(=O)(O)O,NATURE COMMUNICATIONS,1,85616715,C1=CC=C(C=C1)N(C2=CC=CC=C2)C3=CC=C(C=C3)P(=O)(O)O,Success,0.000000
(4-(diphenylamino)phenyl)phosphonic acid,85616715,C1=CC=C(C=C1)N(C2=CC=CC=C2)C3=CC=C(C=C3)P(=O)(O)O,NATURE COMMUNICATIONS,2,175491480,C1=CC=C(C=C1)N(C2=CC=CC=C2)C3=CC=CC=C3P(=O)(O)O,Success,0.000389
(4-(diphenylamino)phenyl)phosphonic acid,85616715,C1=CC=C(C=C1)N(C2=CC=CC=C2)C3=CC=C(C=C3)P(=O)(O)O,NATURE COMMUNICATIONS,3,66877025,C1=CC=C(C=C1)C(C2=CC=NC=C2)(N(C3=CC=CC=C3)C4=CC=CC=C4)P(=O)(O)O,Success,0.000862
(4-(diphenylamino)phenyl)phosphonic acid,85616715,C1=CC=C(C=C1)N(C2=CC=CC=C2)C3=CC=C(C=C3)P(=O)(O)O,NATURE COMMUNICATIONS,4,154170994,C1=CC=C(C=C1)N(CP(=O)(O)O)C2=CC=CC=C2,Success,0.000907
(4-(diphenylamino)phenyl)phosphonic acid,85616715,C1=CC=C(C=C1)N(C2=CC=CC=C2)C3=CC=C(C=C3)P(=O)(O)O,NATURE COMMUNICATIONS,5,140087991,C1=CC=C(C=C1)C(N(C2=CC=CC=C2)C3=CC=CC=C3)P(=O)(O)O,Success,0.000950
(4-(diphenylamino)phenyl)phosphonic acid,85616715,C1=CC=C(C=C1)N(C2=CC=CC=C2)C3=CC=C(C=C3)P(=O)(O)O,NATURE COMMUNICATIONS,6,88103501,C1=CC=C(C=C1)NOP(=O)(C2=CC=CC=C2)ONC3=CC=CC=C3,Success,0.000994
(4-(diphenylamino)phenyl)phosphonic acid,85616715,C1=CC=C(C=C1)N(C2=CC=CC=C2)C3=CC=C(C=C3)P(=O)(O)O,NATURE COMMUNICATIONS,7,152237914,C1=CC=C(C=C1)N(C2=CC=CC=C2)C3=CC=C(C=C3)COP(=O)(O)O,Success,0.001013
(4-(diphenylamino)phenyl)phosphonic acid,85616715,C1=CC=C(C=C1)N(C2=CC=CC=C2)C3=CC=C(C=C3)P(=O)(O)O,NATURE COMMUNICATIONS,8,141727784,C1=CC=C(C=C1)N(C2=CC=CC=C2)C3=CC=C(C=C3)C(O)(O)O,Success,0.001049
(4-(diphenylamino)phenyl)phosphonic acid,85616715,C1=CC=C(C=C1)N(C2=CC=CC=C2)C3=CC=C(C=C3)P(=O)(O)O,NATURE COMMUNICATIONS,9,175128706,C1=CC=C(C=C1)NC(N(C2=CC=CC=C2)C3=CC=CC=C3)OP(=O)(O)O,Success,0.001081
(4-(diphenylamino)phenyl)phosphonic acid,85616715,C1=CC=C(C=C1)N(C2=CC=CC=C2)C3=CC=C(C=C3)P(=O)(O)O,NATURE COMMUNICATIONS,10,153466471,C1=CC=C(C=C1)N(C2=CC=CC=C2)C3=CC=C(C=C3)N(O)O,Success,0.001113
octylamine,8143,CCCCCCCCN,NATURE COMMUNICATIONS,1,450535,CCCCCCC[11CH2]N,Success,0.000000
octylamine,8143,CCCCCCCCN,NATURE COMMUNICATIONS,2,8143,CCCCCCCCN,Success,0.000000
octylamine,8143,CCCCCCCCN,NATURE COMMUNICATIONS,3,450548,CCCCCCCCC[13NH2],Success,0.000219
octylamine,8143,CCCCCCCCN,NATURE COMMUNICATIONS,4,16215,CCCCCCCCCN,Success,0.000219
octylamine,8143,CCCCCCCCN,NATURE COMMUNICATIONS,5,73985,CC(C)CCCCCN,Success,0.000261
octylamine,8143,CCCCCCCCN,NATURE COMMUNICATIONS,6,95562064,CCCCC[C@@H](C)CCN,Success,0.000261
octylamine,8143,CCCCCCCCN,NATURE COMMUNICATIONS,7,137412785,CCC[C@@H](C)CCCCN,Success,0.000262
octylamine,8143,CCCCCCCCN,NATURE COMMUNICATIONS,8,152940782,CC[C@@H](C)CCCCCN,Success,0.000262
octylamine,8143,CCCCCCCCN,NATURE COMMUNICATIONS,9,101935440,CCCC[C@@H](C)CCCN,Success,0.000262
octylamine,8143,CCCCCCCCN,NATURE COMMUNICATIONS,10,13329792,CCCCCC[C@@H](C)CN,Success,0.000263
trimethylolpropane triacrylate (TMTA),27423,CCC(COC(=O)C=C)(COC(=O)C=C)COC(=O)C=C,NATURE COMMUNICATIONS,1,27423,CCC(COC(=O)C=C)(COC(=O)C=C)COC(=O)C=C,Success,0.000000
trimethylolpropane triacrylate (TMTA),27423,CCC(COC(=O)C=C)(COC(=O)C=C)COC(=O)C=C,NATURE COMMUNICATIONS,2,59594075,CC(CCOC(=O)C=C)(COC(=O)C=C)COC(=O)C=C,Success,0.000102
trimethylolpropane triacrylate (TMTA),27423,CCC(COC(=O)C=C)(COC(=O)C=C)COC(=O)C=C,NATURE COMMUNICATIONS,3,53765782,CCC(COC(=O)C=C)C(COC(=O)C=C)(COC(=O)C=C)COC(=O)C=C,Success,0.000313
trimethylolpropane triacrylate (TMTA),27423,CCC(COC(=O)C=C)(COC(=O)C=C)COC(=O)C=C,NATURE COMMUNICATIONS,4,58231916,C=CC(=O)OCCCC(COC(=O)C=C)COC(=O)C=C,Success,0.000372
trimethylolpropane triacrylate (TMTA),27423,CCC(COC(=O)C=C)(COC(=O)C=C)COC(=O)C=C,NATURE COMMUNICATIONS,5,13052359,C=CC(=O)OCCC(CCOC(=O)C=C)COC(=O)C=C,Success,0.000436
trimethylolpropane triacrylate (TMTA),27423,CCC(COC(=O)C=C)(COC(=O)C=C)COC(=O)C=C,NATURE COMMUNICATIONS,6,174820515,CCCOC(=O)C=CCOC(=O)C=C,Success,0.000438
trimethylolpropane triacrylate (TMTA),27423,CCC(COC(=O)C=C)(COC(=O)C=C)COC(=O)C=C,NATURE COMMUNICATIONS,7,141215922,CC=CCC(COC(=O)C=C)(COC(=O)C=C)COC(=O)C=C,Success,0.000482
trimethylolpropane triacrylate (TMTA),27423,CCC(COC(=O)C=C)(COC(=O)C=C)COC(=O)C=C,NATURE COMMUNICATIONS,8,58231907,C=CC(=O)OCCCCCC(COC(=O)C=C)(COC(=O)C=C)COC(=O)C=C,Success,0.000540
trimethylolpropane triacrylate (TMTA),27423,CCC(COC(=O)C=C)(COC(=O)C=C)COC(=O)C=C,NATURE COMMUNICATIONS,9,174508222,CCOC(=O)C=CCCOC(=O)C=C,Success,0.000546
trimethylolpropane triacrylate (TMTA),27423,CCC(COC(=O)C=C)(COC(=O)C=C)COC(=O)C=C,NATURE COMMUNICATIONS,10,118259026,C=CC(=O)OCCC(CCOC(=O)C=C)(CCOC(=O)C=C)CCOC(=O)C=C,Success,0.000549
benzotriazole (BTA),7220,C1=CC2=NNN=C2C=C1,SCIENCE ADVANCES,1,7220,C1=CC2=NNN=C2C=C1,Success,0.000000
benzotriazole (BTA),7220,C1=CC2=NNN=C2C=C1,SCIENCE ADVANCES,2,10558612,C1=CC2=N[15NH]N=C2C=C1,Success,0.000000
benzotriazole (BTA),7220,C1=CC2=NNN=C2C=C1,SCIENCE ADVANCES,3,67512764,C1=CC2=NNN=C2C(=C1)C(C3=CC=CC4=NNN=C43)N,Success,0.001205
benzotriazole (BTA),7220,C1=CC2=NNN=C2C=C1,SCIENCE ADVANCES,4,71147011,C1=CC2=NNN=C2C(=C1)COCC3=CC=CC4=NNN=C43,Success,0.001222
benzotriazole (BTA),7220,C1=CC2=NNN=C2C=C1,SCIENCE ADVANCES,5,138472397,C1=CC2=NN(N=C2C=C1)C(=N)N3N=C4C=CC=CC4=N3,Success,0.001237
benzotriazole (BTA),7220,C1=CC2=NNN=C2C=C1,SCIENCE ADVANCES,6,657649,C1=CC=C(C=C1)N2NC3=CC=C4C=NN=C4C3=N2,Success,0.001261
benzotriazole (BTA),7220,C1=CC2=NNN=C2C=C1,SCIENCE ADVANCES,7,157161120,C1=CC2=CN(N=C2C=C1)C3=NNN=C3,Success,0.001289
benzotriazole (BTA),7220,C1=CC2=NNN=C2C=C1,SCIENCE ADVANCES,8,139232839,C1=CC=C(C=C1)C2=NNN=C2C3=NNN=C3C4=CC=CC=C4,Success,0.001313
benzotriazole (BTA),7220,C1=CC2=NNN=C2C=C1,SCIENCE ADVANCES,9,152321408,C1=CC2=NN(N=C2C=C1)C3=CC4=NNN=C4C=C3,Success,0.001327
benzotriazole (BTA),7220,C1=CC2=NNN=C2C=C1,SCIENCE ADVANCES,10,149888354,C1=CC2=NN(N=C2C=C1)C3=CC=CC4=NNN=C43,Success,0.001411
tributyl(methyl)phosphonium iodide (TPI),12864151,CCCCP(C)(CCCC)(CCCC)I,SCIENCE ADVANCES,1,12864151,CCCCP(C)(CCCC)(CCCC)I,Success,0.000000
tributyl(methyl)phosphonium iodide (TPI),12864151,CCCCP(C)(CCCC)(CCCC)I,SCIENCE ADVANCES,2,12602075,CCCCP(C)(CCCC)(CCCC)Br,Success,0.000016
tributyl(methyl)phosphonium iodide (TPI),12864151,CCCCP(C)(CCCC)(CCCC)I,SCIENCE ADVANCES,3,140527649,CCCCCCCP(CC)(CC)(CC)Br,Success,0.000032
tributyl(methyl)phosphonium iodide (TPI),12864151,CCCCP(C)(CCCC)(CCCC)I,SCIENCE ADVANCES,4,140527736,CCCCCCCP(CC)(CC)(CC)I,Success,0.000035
tributyl(methyl)phosphonium iodide (TPI),12864151,CCCCP(C)(CCCC)(CCCC)I,SCIENCE ADVANCES,5,145796315,CCCCP(CCC)(CCC)(CCC)I,Success,0.000040
tributyl(methyl)phosphonium iodide (TPI),12864151,CCCCP(C)(CCCC)(CCCC)I,SCIENCE ADVANCES,6,140527660,CCCCP(CCC)(CCC)(CCC)Br,Success,0.000042
tributyl(methyl)phosphonium iodide (TPI),12864151,CCCCP(C)(CCCC)(CCCC)I,SCIENCE ADVANCES,7,140527672,CCCCP(CCC)(CCC)(CCCC)Br,Success,0.000064
tributyl(methyl)phosphonium iodide (TPI),12864151,CCCCP(C)(CCCC)(CCCC)I,SCIENCE ADVANCES,8,140528049,CCCCCP(CCC)(CCC)(CCC)Br,Success,0.000064
tributyl(methyl)phosphonium iodide (TPI),12864151,CCCCP(C)(CCCC)(CCCC)I,SCIENCE ADVANCES,9,138373793,CCCCP(CC)(CCCC)(CCCC)Br,Success,0.000064
tributyl(methyl)phosphonium iodide (TPI),12864151,CCCCP(C)(CCCC)(CCCC)I,SCIENCE ADVANCES,10,140528078,CCCCCP(CC)(CC)(CCCCC)Br,Success,0.000068
2-(methylthio) ethylamine hydrochloride (METEAM),87697,CSCCN,JOULE,1,87697,CSCCN,Success,0.000000
2-(methylthio) ethylamine hydrochloride (METEAM),87697,CSCCN,JOULE,2,5247493,C(CSCCN)CSCCN,Success,0.000606
2-(methylthio) ethylamine hydrochloride (METEAM),87697,CSCCN,JOULE,3,193295,C(CN)CSSCCCN,Success,0.000693
2-(methylthio) ethylamine hydrochloride (METEAM),87697,CSCCN,JOULE,4,19366756,CSCCC(CS)N,Success,0.000753
2-(methylthio) ethylamine hydrochloride (METEAM),87697,CSCCN,JOULE,5,22885599,CSCC[C@@H](CS)N,Success,0.000753
2-(methylthio) ethylamine hydrochloride (METEAM),87697,CSCCN,JOULE,6,22885598,CSCC[C@H](CS)N,Success,0.000767
2-(methylthio) ethylamine hydrochloride (METEAM),87697,CSCCN,JOULE,7,132064018,CPC(CN)SC,Success,0.000777
2-(methylthio) ethylamine hydrochloride (METEAM),87697,CSCCN,JOULE,8,10058479,C(CNCCN)CSCCS,Success,0.000799
2-(methylthio) ethylamine hydrochloride (METEAM),87697,CSCCN,JOULE,9,166913544,CSC(=C)CCN,Success,0.000818
2-(methylthio) ethylamine hydrochloride (METEAM),87697,CSCCN,JOULE,10,23422698,C(CN)CSC(CC(SCCCN)SCCCN)SCCCN,Success,0.000818
phenformin,8249,C1=CC=C(C=C1)CCN=C(N)N=C(N)N,JOULE,1,8249,C1=CC=C(C=C1)CCN=C(N)N=C(N)N,Success,0.000000
phenformin,8249,C1=CC=C(C=C1)CCN=C(N)N=C(N)N,JOULE,2,115563233,CC1=CC(=CC=C1)CN=C(N)N=C(N)N,Success,0.000595
phenformin,8249,C1=CC=C(C=C1)CCN=C(N)N=C(N)N,JOULE,3,91619491,CC1=CC=C(C=C1)CN=C(N)N=C(N)N,Success,0.000634
phenformin,8249,C1=CC=C(C=C1)CCN=C(N)N=C(N)N,JOULE,4,83036766,C1C(C1N=C(N)N=C(N)N)C2=CC=CC=C2,Success,0.000637
phenformin,8249,C1=CC=C(C=C1)CCN=C(N)N=C(N)N,JOULE,5,416067,CC(C1=CC=CC=C1)N=C(N)N=C(N)N,Success,0.000681
phenformin,8249,C1=CC=C(C=C1)CCN=C(N)N=C(N)N,JOULE,6,129681590,C1=CC=C(C=C1)CCN=C(N)NN=C(N)N,Success,0.000685
phenformin,8249,C1=CC=C(C=C1)CCN=C(N)N=C(N)N,JOULE,7,83034855,CC1=CC=CC=C1CN=C(N)N=C(N)N,Success,0.000689
phenformin,8249,C1=CC=C(C=C1)CCN=C(N)N=C(N)N,JOULE,8,20308551,C1=CC=C(C=C1)CCN(C(=N)N)N=C(N)N,Success,0.000693
phenformin,8249,C1=CC=C(C=C1)CCN=C(N)N=C(N)N,JOULE,9,54410144,C[C@@H](C1=CC=CC=C1)N=C(N)N=C(N)N,Success,0.000707
phenformin,8249,C1=CC=C(C=C1)CCN=C(N)N=C(N)N,JOULE,10,129056240,C1=CC=C(C=C1)PCCN=C(N)N=C(N)N,Success,0.000743
4-tert-butylpyridine (tBP),19878,CC(C)(C)C1=CC=NC=C1,JOULE,1,19878,CC(C)(C)C1=CC=NC=C1,Success,0.000000
4-tert-butylpyridine (tBP),19878,CC(C)(C)C1=CC=NC=C1,JOULE,2,520879,CC(C)(C)C1=CN=CC=C1,Success,0.000515
4-tert-butylpyridine (tBP),19878,CC(C)(C)C1=CC=NC=C1,JOULE,3,166867129,CC(C)(CCC(C)(C)C1=CN=CC=C1)C2=CC=NC=C2,Success,0.000596
4-tert-butylpyridine (tBP),19878,CC(C)(C)C1=CC=NC=C1,JOULE,4,15556938,CCC(C)C1=CC=NC=C1,Success,0.000618
4-tert-butylpyridine (tBP),19878,CC(C)(C)C1=CC=NC=C1,JOULE,5,147350655,CC(C)(C)C1=NC=CC(=C1)CC(C)(C)C2=CC=NC=C2,Success,0.000621
4-tert-butylpyridine (tBP),19878,CC(C)(C)C1=CC=NC=C1,JOULE,6,126603156,CC(C)(C)C1=CN=C(C=C1)CC(C)(C)C2=CC=NC=C2,Success,0.000638
4-tert-butylpyridine (tBP),19878,CC(C)(C)C1=CC=NC=C1,JOULE,7,132171380,CC(C)(C)C1=CN=CC(=C1)CC(C)(C)C2=CC=NC=C2,Success,0.000644
4-tert-butylpyridine (tBP),19878,CC(C)(C)C1=CC=NC=C1,JOULE,8,166913663,CC(C)(C)C1=CC(=NC=C1)CC(C)(C)C2=CN=CC=C2,Success,0.000651
4-tert-butylpyridine (tBP),19878,CC(C)(C)C1=CC=NC=C1,JOULE,9,132262967,CC(C)(C)C1=NC=C(C=C1)CC(C)(C)C2=CC=NC=C2,Success,0.000652
4-tert-butylpyridine (tBP),19878,CC(C)(C)C1=CC=NC=C1,JOULE,10,144434210,CCC(C)(CC(C)(C)C1=CC=NC=C1)C2=CC=NC=C2,Success,0.000657
3-phosphonopropionic acid (H3pp),1682,C(CP(=O)(O)O)C(=O)O,JOULE,1,1682,C(CP(=O)(O)O)C(=O)O,Success,0.000000
3-phosphonopropionic acid (H3pp),1682,C(CP(=O)(O)O)C(=O)O,JOULE,2,53760559,C(C(P(=O)(O)O)P(=O)(O)O)N(CC(=O)O)CC(=O)O,Success,0.000838
3-phosphonopropionic acid (H3pp),1682,C(CP(=O)(O)O)C(=O)O,JOULE,3,23423419,C(C(CP(=O)(O)O)CP(=O)(O)O)C(=O)O,Success,0.000924
3-phosphonopropionic acid (H3pp),1682,C(CP(=O)(O)O)C(=O)O,JOULE,4,175276344,C(C(C(CC(=O)O)P(=O)(O)O)P(=O)(O)O)C(=O)O,Success,0.000948
3-phosphonopropionic acid (H3pp),1682,C(CP(=O)(O)O)C(=O)O,JOULE,5,174406089,C(C(=O)O)C(CC(=O)O)(CP(=O)(O)O)CP(=O)(O)O,Success,0.000950
3-phosphonopropionic acid (H3pp),1682,C(CP(=O)(O)O)C(=O)O,JOULE,6,139978395,C(CP(=O)(O)OO)C(=O)O,Success,0.000956
3-phosphonopropionic acid (H3pp),1682,C(CP(=O)(O)O)C(=O)O,JOULE,7,112186,C(C(C(=O)O)N(CP(=O)(O)O)CP(=O)(O)O)C(=O)O,Success,0.000971
3-phosphonopropionic acid (H3pp),1682,C(CP(=O)(O)O)C(=O)O,JOULE,8,21118878,C([C@@H](C(=O)O)N(CP(=O)(O)O)CP(=O)(O)O)C(=O)O,Success,0.000973
3-phosphonopropionic acid (H3pp),1682,C(CP(=O)(O)O)C(=O)O,JOULE,9,59082448,C(C(CC(=O)O)C(P(=O)(O)O)P(=O)(O)O)C(=O)O,Success,0.000974
3-phosphonopropionic acid (H3pp),1682,C(CP(=O)(O)O)C(=O)O,JOULE,10,90023762,C(C(C(=O)O)N(CC(=O)O)CP(=O)(O)O)P(=O)(O)O,Success,0.000984
benzamidine,2332,C1=CC=C(C=C1)C(=N)N,JOULE,1,2332,C1=CC=C(C=C1)C(=N)N,Success,0.000000
benzamidine,2332,C1=CC=C(C=C1)C(=N)N,JOULE,2,129638606,C1=CC=C(C=C1)C(=C(C2=CC=CC=C2)C(=N)N)C(=N)N,Success,0.000959
benzamidine,2332,C1=CC=C(C=C1)C(=N)N,JOULE,3,71586519,C1=CC(=CC=C1CN=CC2=CC=C(C=C2)C(=N)N)C(=N)N,Success,0.001077
benzamidine,2332,C1=CC=C(C=C1)C(=N)N,JOULE,4,20056734,C1=CC=C(C=C1)C(=NC2=CC=CC(=C2)C(=N)N)NC3=CC=CC(=C3)C(=N)N,Success,0.001105
benzamidine,2332,C1=CC=C(C=C1)C(=N)N,JOULE,5,145604096,C1=CC=C(C=C1)C(=NC=N)N,Success,0.001129
benzamidine,2332,C1=CC=C(C=C1)C(=N)N,JOULE,6,20980967,C1=CC=C(C=C1)C=CC2=C(C(=CC=C2)C(=N)N)C(=N)N,Success,0.001166
benzamidine,2332,C1=CC=C(C=C1)C(=N)N,JOULE,7,8811,C1=CC(=CC=C1C=CC2=CC=C(C=C2)C(=N)N)C(=N)N,Success,0.001182
benzamidine,2332,C1=CC=C(C=C1)C(=N)N,JOULE,8,147793543,C1=CC=C(C=C1)C(=CC(=N)N)N,Success,0.001186
benzamidine,2332,C1=CC=C(C=C1)C(=N)N,JOULE,9,123913570,C1=CC(=CC=C1CC=NC2=CC=C(C=C2)C(=N)N)C(=N)N,Success,0.001205
benzamidine,2332,C1=CC=C(C=C1)C(=N)N,JOULE,10,157509002,C1=CC=C(C=C1)C(=NC(=NC(=N)C2=CC=CC=C2)N)N,Success,0.001256
6-bromocoumarin-3-carboxylic acid ethyl ester (BAEE),691747,CCOC(=O)C1=CC2=C(C=CC(=C2)Br)OC1=O,JOULE,1,691747,CCOC(=O)C1=CC2=C(C=CC(=C2)Br)OC1=O,Success,0.000000
6-bromocoumarin-3-carboxylic acid ethyl ester (BAEE),691747,CCOC(=O)C1=CC2=C(C=CC(=C2)Br)OC1=O,JOULE,2,168897771,CCOC(=O)C1=CC2=C(C=CC(=C2)I)OC1=O,Success,0.000019
6-bromocoumarin-3-carboxylic acid ethyl ester (BAEE),691747,CCOC(=O)C1=CC2=C(C=CC(=C2)Br)OC1=O,JOULE,3,121007875,CCOC(=O)C1=CC2=C(C=C(C=C2)I)OC1=O,Success,0.000289
6-bromocoumarin-3-carboxylic acid ethyl ester (BAEE),691747,CCOC(=O)C1=CC2=C(C=CC(=C2)Br)OC1=O,JOULE,4,91658848,CCOC(=O)C1=CC2=C(C=C(C=C2)Br)OC1=O,Success,0.000289
6-bromocoumarin-3-carboxylic acid ethyl ester (BAEE),691747,CCOC(=O)C1=CC2=C(C=CC(=C2)Br)OC1=O,JOULE,5,24799275,CCOC(=O)C1=CC2=C(C=CC=C2Br)OC1=O,Success,0.000374
6-bromocoumarin-3-carboxylic acid ethyl ester (BAEE),691747,CCOC(=O)C1=CC2=C(C=CC(=C2)Br)OC1=O,JOULE,6,118281896,CCOC(=O)C1=CC2=C(C(=CC=C2)Br)OC1=O,Success,0.000713
6-bromocoumarin-3-carboxylic acid ethyl ester (BAEE),691747,CCOC(=O)C1=CC2=C(C=CC(=C2)Br)OC1=O,JOULE,7,164686347,CCOC(=O)C1=COC(=O)C2=C1C=CC(=C2)I,Success,0.000746
6-bromocoumarin-3-carboxylic acid ethyl ester (BAEE),691747,CCOC(=O)C1=CC2=C(C=CC(=C2)Br)OC1=O,JOULE,8,118476544,CC1=C(C(=O)OC2=C1C=CC(=C2)Br)C(=O)OC,Success,0.000806
6-bromocoumarin-3-carboxylic acid ethyl ester (BAEE),691747,CCOC(=O)C1=CC2=C(C=CC(=C2)Br)OC1=O,JOULE,9,140118801,CCOC(=O)C1=C(C2=CC=CC=C2OC1=O)Br,Success,0.000835
6-bromocoumarin-3-carboxylic acid ethyl ester (BAEE),691747,CCOC(=O)C1=CC2=C(C=CC(=C2)Br)OC1=O,JOULE,10,13948457,CCOC(=O)C1=CC(=O)OC2=C1C=C(C=C2)Br,Success,0.000889
